epoch,value
1775430041,3
1775430102,3
1775430162,3
1775430222,3
1775430282,3
1775430342,3
1775430402,2
1775430462,3
1775430522,2
1775430582,2
1775430642,2
1775430702,3
1775430762,3
1775430822,3
1775430882,4
1775430942,3
1775431002,3
1775431062,3
1775431122,4
1775431182,3
1775431242,3
1775431302,3
1775431362,3
1775431422,2
1775431482,2
1775431542,3
1775431602,3
1775431662,4
1775431723,3
1775431783,3
1775431843,2
1775431903,3
1775431963,3
1775432023,2
1775432083,2
1775432143,3
1775432203,3
1775432263,4
1775432323,2
1775432383,2
1775432443,3
1775432503,2
1775432563,4
1775432623,2
1775432683,4
1775432743,3
1775432803,3
1775432863,4
1775432923,2
1775432983,1
1775433043,2
1775433103,3
1775433163,2
1775433223,2
1775433283,2
1775433343,3
1775433403,3
1775433463,1
1775433523,3
1775433584,2
1775433705,4
1775433765,3
1775433825,2
1775433885,3
1775433945,3
1775434005,3
1775434065,3
1775434125,3
1775434186,2
1775434246,2
1775434306,3
1775434366,2
1775434426,2
1775434486,1
1775434546,3
1775434606,4
1775434666,3
1775434726,2
1775434786,2
1775434846,3
1775434906,2
1775434966,2
1775435026,3
1775435086,2
1775435146,3
1775435206,2
1775435266,2
1775435326,2
1775435386,2
1775435446,3
1775435506,2
1775435566,3
1775435626,3
1775435686,1
1775435746,2
1775435806,1
1775435866,2
1775435926,2
1775435986,2
1775436046,2
1775436106,3
1775436166,3
1775436226,1
1775436286,1
1775436346,2
1775436406,3
1775436466,1
1775436526,1
1775436586,2
1775436646,2
1775436706,1
1775436766,1
1775436827,0
1775436887,2
1775436947,3
1775437007,2
1775437067,1
1775437127,1
1775437187,2
1775437247,3
1775437307,2
1775437367,3
1775437427,2
1775437487,2
1775437547,2
1775437607,2
1775437667,1
1775437727,3
1775437787,1
1775437847,2
1775437907,1
1775437967,2
1775438027,2
1775438087,1
1775438147,1
1775438207,2
1775438267,2
1775438327,2
1775438387,2
1775438447,2
1775438507,2
1775438567,2
1775438627,2
1775438687,2
1775438747,1
1775438807,1
1775438867,1
1775438927,2
1775438987,1
1775439047,2
1775439107,2
1775439167,2
1775439227,2
1775439288,0
1775439348,2
1775439408,1
1775439468,2
1775439528,2
1775439588,2
1775439648,2
1775439708,0
1775439768,1
1775439828,1
1775439888,1
1775439948,1
1775440008,1
1775440068,2
1775440128,1
1775440188,2
1775440248,2
1775440308,2
1775440368,2
1775440428,3
1775440488,2
1775440548,1
1775440608,1
1775440668,1
1775440728,1
1775440788,2
1775440848,2
1775440908,2
1775440968,1
1775441028,1
1775441088,2
1775441148,0
1775441208,1
1775441268,2
1775441328,1
1775441388,2
1775441448,2
1775441508,2
1775441568,1
1775441628,1
1775441688,1
1775441748,1
1775441808,2
1775441869,1
1775441929,2
1775441989,1
1775442049,2
1775442109,2
1775442169,2
1775442229,1
1775442289,1
1775442349,1
1775442409,2
1775442469,1
1775442529,2
1775442589,1
1775442649,1
1775442709,1
1775442769,2
1775442829,1
1775442889,0
1775442949,1
1775443009,2
1775443069,1
1775443129,2
1775443189,0
1775443249,0
1775443309,0
1775443369,0
1775443429,1
1775443489,1
1775443549,0
1775443609,1
1775443669,1
1775443729,2
1775443789,1
1775443849,1
1775443909,1
1775443969,2
1775444029,1
1775444089,1
1775444149,1
1775444209,2
1775444269,1
1775444329,2
1775444389,1
1775444449,2
1775444509,1
1775444569,1
1775444629,1
1775444689,1
1775444749,1
1775444809,0
1775444870,1
1775444930,1
1775444990,1
1775445050,1
1775445110,1
1775445170,2
1775445230,1
1775445290,1
1775445350,1
1775445410,1
1775445470,1
1775445530,1
1775445590,1
1775445650,1
1775445710,1
1775445770,1
1775445830,2
1775445890,1
1775445950,1
1775446010,0
1775446070,1
1775446130,1
1775446190,0
1775446250,0
1775446310,1
1775446370,1
1775446430,0
1775446490,1
1775446550,1
1775446610,1
1775446670,1
1775446730,1
1775446790,1
1775446850,1
1775446910,1
1775446970,0
1775447030,0
1775447090,1
1775447150,0
1775447210,0
1775447270,0
1775447330,0
1775447390,1
1775447450,0
1775447510,0
1775447570,1
1775447630,0
1775447690,1
1775447750,1
1775447810,0
1775447870,1
1775447930,0
1775447991,1
1775448051,1
1775448111,1
1775448171,1
1775448231,1
1775448291,1
1775448351,1
1775448411,0
1775448471,0
1775448531,0
1775448591,1
1775448651,1
1775448711,1
1775448771,0
1775448831,1
1775448891,1
1775448951,0
1775449011,1
1775449071,0
1775449131,0
1775449191,0
1775449251,1
1775449311,1
1775449371,0
1775449431,1
1775449491,2
1775449551,0
1775449611,0
1775449671,0
1775449731,1
1775449791,0
1775449851,1
1775449911,1
1775449971,1
1775450031,1
1775450091,0
1775450151,1
1775450211,0
1775450271,0
1775450331,0
1775450391,1
1775450451,1
1775450511,0
1775450571,1
1775450631,1
1775450691,1
1775450751,1
1775450811,1
1775450871,0
1775450931,1
1775450991,1
1775451051,0
1775451111,1
1775451172,0
1775451232,0
1775451292,0
1775451352,1
1775451412,0
1775451472,0
1775451532,1
1775451592,0
1775451652,0
1775451712,1
1775451772,0
1775451832,1
1775451892,0
1775451952,0
1775452012,1
1775452072,0
1775452132,1
1775452192,0
1775452252,1
1775452312,1
1775452372,1
1775452432,0
1775452492,0
1775452552,0
1775452612,1
1775452672,0
1775452732,1
1775452792,0
1775452852,0
1775452912,0
1775452972,1
1775453032,1
1775453092,1
1775453152,1
1775453212,0
1775453272,0
1775453332,1
1775453392,0
1775453452,0
1775453512,0
1775453572,0
1775453632,0
1775453692,0
1775453752,1
1775453812,1
1775453872,0
1775453932,0
1775453992,0
1775454052,0
1775454113,0
1775454173,1
1775454233,1
1775454293,1
1775454353,0
1775454413,1
1775454473,0
1775454533,1
1775454593,0
1775454653,0
1775454713,0
1775454773,0
1775454833,1
1775454893,0
1775454953,1
1775455013,1
1775455073,0
1775455133,1
1775455193,0
1775455253,0
1775455313,0
1775455373,1
1775455433,0
1775455494,0
1775455554,0
1775455614,0
1775455674,0
1775455734,0
1775455794,0
1775455854,0
1775455914,0
1775455974,1
1775456034,0
1775456094,0
1775456154,1
1775456214,1
1775456274,0
1775456334,0
1775456394,0
1775456454,0
1775456514,0
1775456574,0
1775456634,0
1775456694,0
1775456754,1
1775456814,0
1775456874,0
1775456934,0
1775456994,0
1775457054,0
1775457114,0
1775457174,0
1775457234,0
1775457294,0
1775457354,0
1775457414,1
1775457474,0
1775457534,0
1775457594,0
1775457654,0
1775457714,1
1775457774,0
1775457834,0
1775457894,0
1775457954,0
1775458014,0
1775458074,0
1775458134,0
1775458194,0
1775458254,0
1775458314,0
1775458374,0
1775458434,0
1775458494,0
1775458555,0
1775458615,0
1775458675,0
1775458735,0
1775458795,0
1775458855,0
1775458915,0
1775458975,0
1775459035,0
1775459095,0
1775459155,0
1775459215,0
1775459275,0
1775459335,0
1775459395,0
1775459455,0
1775459515,0
1775459575,0
1775459635,0
1775459695,0
1775459755,0
1775459815,0
1775459875,0
1775459935,0
1775459995,0
1775460055,0
1775460115,0
1775460175,0
1775460235,1
1775460295,0
1775460355,0
1775460415,0
1775460475,0
1775460535,0
1775460595,0
1775460655,0
1775460715,0
1775460775,0
1775460835,0
1775460895,0
1775460955,0
1775461015,0
1775461075,0
1775461135,0
1775461195,0
1775461255,0
1775461315,0
1775461375,0
1775461435,1
1775461496,0
1775461556,0
1775461616,0
1775461677,0
1775461796,0
1775461857,0
1775461916,0
1775461976,0
1775462152,1
1775462215,0
1775462453,0
1775462517,0
1775462932,2
1775462993,0
1775463052,0
1775463113,0
1775463173,1
1775463762,0
1775463823,0
1775465456,0
1775467356,0
1775467417,0
1775467503,0
1775467564,0
1775467627,1
1775467683,1
1775467744,0
1775467803,1
1775467863,0
1775467923,0
1775467983,0
1775468043,1
1775468103,0
1775468165,0
1775468584,1
1775469308,0
1775469369,0
1775469429,0
1775469489,1
1775469549,1
1775469609,0
1775469669,1
1775469729,0
1775469789,0
1775469849,0
1775469909,0
1775469969,0
1775470029,0
1775470089,0
1775470151,0
1775470209,0
1775470269,0
1775470329,0
1775470389,0
1775470449,1
1775470509,2
1775470570,1
1775470658,1
1775470749,1
1775470819,0
1775471904,1
1775471977,0
1775472956,0
1775473017,0
1775473077,0
1775473137,0
1775473197,0
1775473257,0
1775473337,0
1775473430,0
1775473557,0
1775473611,1
1775473671,0
1775473731,0
1775473791,0
1775473851,0
1775473911,0
1775473971,0
1775474040,0
1775474103,0
1775474164,0
1775474224,0
1775474283,0
1775474343,0
1775474412,0
1775474463,0
1775474523,0
1775474583,0
1775474643,0
1775474703,0
1775474763,0
1775474823,0
1775474887,0
1775474943,0
1775475003,0
1775475063,0
1775475123,0
1775475183,0
1775475244,0
1775475303,0
1775475363,0
1775475423,0
1775475484,0
1775475544,0
1775475605,0
1775475668,0
1775475725,0
1775475785,0
1775475845,0
1775475905,0
1775476017,0
1775476077,0
1775476137,0
1775476197,0
1775476257,0
1775476317,0
1775476377,0
1775476437,0
1775476557,0
1775476618,0
1775476677,0
1775476737,0
1775476797,0
1775476857,0
1775476917,1
1775476977,0
1775477037,0
1775477097,0
1775477157,1
1775477217,0
1775477277,0
1775477337,0
1775477397,0
1775477457,0
1775477517,0
1775477577,0
1775477637,0
1775477697,0
1775477757,0
1775477817,0
1775477877,0
1775477937,0
1775477998,1
1775478057,1
1775478117,2
1775478177,1
1775478237,0
1775478297,0
1775478357,2
1775478417,2
1775478477,1
1775478537,3
1775478597,0
1775478657,0
1775478717,0
1775478777,0
1775478837,0
1775478897,0
1775478957,0
1775479017,1
1775479077,0
1775479141,0
1775479197,0
1775479257,0
1775479317,0
1775479377,0
1775479437,0
1775479497,0
1775479557,0
1775479617,0
1775479677,0
1775479739,0
1775479797,0
1775479857,0
1775479917,0
1775479977,0
1775480038,1
1775480098,0
1775480158,1
1775480218,0
1775480278,0
1775480339,0
1775480398,0
1775480458,0
1775480518,0
1775480579,0
1775480638,0
1775480699,0
1775480758,0
1775480818,0
1775480878,0
1775480938,0
1775480999,0
1775481058,0
1775481118,0
1775481178,0
1775481238,1
1775481298,0
1775481358,0
1775481418,0
1775481478,0
1775481540,0
1775481598,0
1775481658,0
1775481718,0
1775481778,0
1775481838,0
1775481898,0
1775481958,0
1775482018,0
1775482078,0
1775482138,0
1775482198,0
1775482258,0
1775482320,0
1775482378,0
1775482439,0
1775482498,0
1775482558,0
1775482620,1
1775482679,7
1775482739,20
1775482799,26
1775482859,27
1775482920,28
1775482980,31
1775483041,37
1775483102,46
1775483163,61
1775483223,74
1775483283,98
1775483344,132
1775483405,181
1775483465,213
1775483526,218
1775483586,237
1775483647,255
1775483707,260
1775483767,279
1775483828,299
1775483888,311
1775483948,349
1775484009,378
1775484069,398
1775484129,427
1775484189,447
1775484249,461
1775484310,460
1775484370,467
1775484431,468
1775484491,467
1775484554,466
1775484612,457
1775484672,465
1775484733,455
1775484793,444
1775484853,441
1775484913,439
1775484973,441
1775485034,431
1775485094,434
1775485155,420
1775485216,425
1775485276,412
1775485337,413
1775485397,410
1775485457,406
1775485517,408
1775485577,404
1775485637,401
1775485697,400
1775485757,389
1775485817,397
1775485877,405
1775485937,400
1775485998,405
1775486059,411
1775486120,416
1775486180,426
1775486241,423
1775486301,423
1775486362,420
1775486423,415
1775486483,426
1775486543,429
1775486604,431
1775486664,431
1775486725,425
1775486785,437
1775486845,421
1775486906,422
1775486966,406
1775487026,357
1775487087,353
1775487147,343
1775487208,342
1775487268,351
1775487329,340
1775487389,344
1775487450,341
1775487510,354
1775487571,357
1775487631,361
1775487692,338
1775487752,340
1775487812,370
1775487872,377
1775487932,391
1775487992,385
1775488053,384
1775488113,394
1775488173,374
1775488234,376
1775488294,375
1775488354,380
1775488414,381
1775488474,381
1775488534,375
1775488594,381
1775488655,373
1775488715,375
1775488775,381
1775488835,371
1775488896,377
1775488956,368
1775489016,372
1775489076,370
1775489136,363
1775489197,363
1775489257,357
1775489317,365
1775489377,363
1775489438,356
1775489498,357
1775489558,349
1775489618,360
1775489679,359
1775489739,358
1775489799,354
1775489859,360
1775489920,354
1775489980,354
1775490040,357
1775490101,353
1775490161,351
1775490222,351
1775490282,345
1775490342,349
1775490403,341
1775490463,341
1775490524,348
1775490584,341
1775490645,343
1775490706,341
1775490766,333
1775490827,328
1775490888,333
1775490949,337
1775491009,332
1775491070,335
1775491131,331
1775491192,333
1775491252,330
1775491312,334
1775491372,328
1775491432,328
1775491492,324
1775491552,324
1775491613,326
1775491673,323
1775491733,323
1775491793,320
1775491853,318
1775491914,325
1775491974,324
1775492034,313
1775492095,317
1775492155,320
1775492215,311
1775492276,315
1775492336,301
1775492397,315
1775492457,312
1775492517,315
1775492578,305
1775492638,308
1775492699,304
1775492759,305
1775492820,303
1775492880,298
1775492941,309
1775493001,309
1775493062,304
1775493122,305
1775493183,303
1775493243,303
1775493304,297
1775493365,300
1775493425,299
1775493486,292
1775493547,293
1775493607,291
1775493668,294
1775493729,294
1775493789,288
1775493849,290
1775493910,291
1775493971,288
1775494032,286
1775494092,283
1775494152,279
1775494212,283
1775494272,285
1775494332,283
1775494393,284
1775494453,281
1775494513,281
1775494574,280
1775494634,278
1775494694,277
1775494755,277
1775494815,278
1775494876,271
1775494936,276
1775494996,273
1775495057,277
1775495118,269
1775495178,266
1775495238,271
1775495299,272
1775495360,264
1775495420,265
1775495481,268
1775495542,261
1775495602,261
1775495663,259
1775495723,260
1775495784,262
1775495844,258
1775495905,253
1775495965,251
1775496025,249
1775496086,252
1775496146,247
1775496206,245
1775496266,253
1775496327,241
1775496387,248
1775496447,251
1775496508,241
1775496569,237
1775496629,238
1775496690,241
1775496750,239
1775496811,241
1775496872,238
1775496933,237
1775496993,230
1775497054,234
1775497115,240
1775497176,241
1775497236,237
1775497296,234
1775497356,235
1775497416,232
1775497476,227
1775497536,233
1775497597,226
1775497657,228
1775497717,226
1775497777,226
1775497838,220
1775497898,219
1775497959,222
1775498019,223
1775498080,217
1775498141,221
1775498201,218
1775498262,221
1775498323,223
1775498383,215
1775498443,213
1775498503,213
1775498563,210
1775498624,211
1775498684,217
1775498744,212
1775498805,212
1775498865,207
1775498926,204
1775498987,209
1775499047,204
1775499107,208
1775499168,205
1775499228,202
1775499289,201
1775499349,200
1775499410,203
1775499470,201
1775499531,203
1775499591,197
1775499652,194
1775499713,194
1775499774,193
1775499834,196
1775499894,189
1775499955,189
1775500015,193
1775500076,189
1775500136,188
1775500196,190
1775500257,189
1775500317,185
1775500377,184
1775500438,184
1775500498,185
1775500559,181
1775500619,177
1775500679,183
1775500739,179
1775500800,177
1775500860,177
1775500920,179
1775500981,175
1775501042,173
1775501102,177
1775501163,175
1775501223,168
1775501284,165
1775501345,167
1775501406,171
1775501466,167
1775501526,169
1775501587,171
1775501647,168
1775501707,165
1775501768,167
1775501829,166
1775501889,162
1775501950,164
1775502011,165
1775502072,163
1775502132,161
1775502192,161
1775502253,163
1775502313,163
1775502373,156
1775502434,159
1775502495,158
1775502555,154
1775502615,153
1775502676,154
1775502736,157
1775502797,153
1775502858,153
1775502919,151
1775502980,149
1775503040,149
1775503100,148
1775503161,146
1775503222,149
1775503282,149
1775503342,144
1775503402,146
1775503462,145
1775503522,145
1775503583,144
1775503644,143
1775503704,141
1775503764,147
1775503824,143
1775503885,139
1775503946,138
1775504006,139
1775504066,143
1775504126,140
1775504186,138
1775504247,142
1775504307,137
1775504367,137
1775504428,133
1775504489,131
1775504549,133
1775504610,137
1775504670,135
1775504730,130
1775504791,133
1775504851,127
1775504911,132
1775504972,128
1775505032,125
1775505093,125
1775505153,129
1775505213,124
1775505274,125
1775505334,127
1775505395,127
1775505456,122
1775505516,125
1775505577,121
1775505638,122
1775505698,116
1775505759,123
1775505820,122
1775505881,118
1775505942,123
1775506003,120
1775506063,124
1775506124,121
1775506185,118
1775506246,121
1775506306,118
1775506366,117
1775506427,114
1775506488,116
1775506548,114
1775506609,117
1775506669,114
1775506730,112
1775506790,116
1775506850,114
1775506910,113
1775506971,111
1775507031,109
1775507091,108
1775507152,111
1775507213,111
1775507273,107
1775507334,108
1775507394,106
1775507454,107
1775507515,104
1775507575,106
1775507636,109
1775507697,100
1775507757,105
1775507817,103
1775507878,101
1775507939,103
1775507999,100
1775508060,100
1775508121,102
1775508181,100
1775508242,103
1775508302,98
1775508362,102
1775508422,95
1775508482,101
1775508543,101
1775508603,95
1775508664,98
1775508724,96
1775508785,95
1775508845,91
1775508906,98
1775508966,98
1775509026,93
1775509087,93
1775509147,96
1775509208,96
1775509269,94
1775509329,94
1775509390,91
1775509450,91
1775509511,94
1775509572,90
1775509633,92
1775509693,91
1775509753,89
1775509814,87
1775509875,88
1775509936,88
1775509996,87
1775510057,89
1775510117,89
1775510178,85
1775510238,87
1775510299,91
1775510360,87
1775510420,83
1775510481,84
1775510542,85
1775510603,82
1775510663,84
1775510723,83
1775510784,82
1775510844,79
1775510905,86
1775510966,83
1775511026,78
1775511087,82
1775511147,84
1775511208,80
1775511269,76
1775511329,80
1775511389,81
1775511450,82
1775511510,77
1775511571,81
1775511631,78
1775511691,75
1775511751,77
1775511812,76
1775511872,79
1775511933,78
1775511993,75
1775512053,76
1775512114,77
1775512174,73
1775512235,75
1775512295,75
1775512356,75
1775512416,73
1775512476,73
1775512537,75
1775512597,72
1775512658,73
1775512719,69
1775512779,73
1775512840,71
1775512901,73
1775512961,69
1775513022,69
1775513082,71
1775513142,71
1775513202,69
1775513263,71
1775513323,68
1775513384,67
1775513444,68
1775513505,63
1775513566,69
1775513626,70
1775513687,65
1775513747,65
1775513808,65
1775513868,71
1775513929,65
1775513989,69
1775514049,69
1775514110,64
1775514170,65
1775514230,68
1775514291,64
1775514352,61
1775514412,62
1775514472,63
1775514533,60
1775514593,63
1775514653,63
1775514713,63
1775514774,63
1775514834,62
1775514894,62
1775514955,61
1775515016,62
1775515076,60
1775515137,59
1775515198,61
1775515258,60
1775515318,56
1775515378,59
1775515439,57
1775515499,59
1775515560,56
1775515620,57
1775515681,57
1775515741,58
1775515802,55
1775515862,55
1775515922,59
1775515983,57
1775516043,54
1775516103,58
1775516164,59
1775516224,58
1775516285,56
1775516345,59
